species,unit_convert
ALD2,277.7777778
ALDX,277.7777778
CH4,17.36111111
CO,9.920634921
ETH,277.7777778
ETHA,277.7777778
ETOH,277.7777778
FORM,277.7777778
IOLE,277.7777778
ISOP,277.7777778
MEOH,277.7777778
NH3,16.33986928
NO,6.038647343
NO2,6.038647343
NVOL,277.7777778
OLE,277.7777778
PAR,277.7777778
SO2,4.340277778
SULF,4.340277778
TERP,277.7777778
TOL,277.7777778
UNR,277.7777778
XYL,277.7777778
PAL,277.7777778
PCA,277.7777778
PCL,277.7777778
PEC,277.7777778
PFE,277.7777778
PH2O,277.7777778
PK,277.7777778
PMC,277.7777778
PMG,277.7777778
PMN,277.7777778
PMOTHR,277.7777778
PNA,277.7777778
PNCOM,277.7777778
PNH4,277.7777778
PNO3,277.7777778
POC,277.7777778
PSI,277.7777778
PSO4,277.7777778
PTI,277.7777778