species,unit_convert
SO2,15625
CO,35714.28571
NH3,58823.52941
NO2,21739.13043
NO,21739.13043
ISO,1000000
ETH,1000000
HC3,1000000
HC5,1000000
HC8,1000000
XYL,1000000
OL2,1000000
OLT,1000000
OLI,1000000
TOL,1000000
CSL,1000000
HCHO,1000000
ALD,1000000
KET,1000000
ORA2,1000000
CH3OH,1000000
C2H5OH,1000000
PM25I,277.7777778
PM25J,277.7777778
ECI,277.7777778
ECJ,277.7777778
ORGI,277.7777778
ORGJ,277.7777778
SO4I,277.7777778
SO4J,277.7777778
NO3I,277.7777778
NO3J,277.7777778
SO4C,277.7777778
NO3C,277.7777778
ORGC,277.7777778
ECC,277.7777778
PM_10,277.7777778